insert into public.campaigns (
  id,
  name,
  slug,
  client_name,
  brand_name,
  objective,
  audience,
  offer,
  call_to_action,
  hook_angle,
  target_platforms,
  default_aspect_ratios,
  status,
  created_at
)
values
  (
    '11111111-1111-1111-1111-111111111111',
    'Spring Hero Launch',
    'spring-hero-launch',
    'Vantage',
    'Vantage Labs',
    'Launch a premium hero campaign that positions the product as polished, cinematic, and high-converting.',
    'Performance marketers and creative directors at fast-moving ecommerce brands.',
    'Limited launch bundle with strategy bonus.',
    'Book a strategy session',
    'Launch-night premium reveal with polished product authority.',
    array['YouTube', 'Meta', 'Landing Page'],
    array['16:9', '9:16'],
    'active',
    '2026-03-18T16:15:00Z'
  ),
  (
    '22222222-2222-2222-2222-222222222222',
    'UGC Motion Sprint',
    'ugc-motion-sprint',
    'Northstar',
    'Northstar Commerce',
    'Create repeatable paid-social variants with strong hooks and clearer product motion.',
    'Growth leads and founder-operators scanning short-form performance creatives.',
    '14-day free trial with concierge onboarding.',
    'Start a free trial',
    'UGC-style immediacy with cleaner CTA pacing.',
    array['TikTok', 'Instagram Reels', 'Meta'],
    array['9:16'],
    'in_review',
    '2026-03-17T14:05:00Z'
  ),
  (
    '33333333-3333-3333-3333-333333333333',
    'Executive Narrative Cut',
    'executive-narrative-cut',
    'Atlas',
    'Atlas Stack',
    'Develop a cinematic explainer with premium polish for outbound, deck embeds, and landing page use.',
    'Executive buyers evaluating a premium SaaS purchase with a longer sales cycle.',
    'Enterprise implementation workshop.',
    'Request a live demo',
    'High-concept cinematic storytelling for executive buyers.',
    array['LinkedIn', 'Landing Page', 'Sales Enablement'],
    array['16:9'],
    'draft',
    '2026-03-16T11:40:00Z'
  ),
  (
    '44444444-1111-1111-1111-111111111111',
    'Spring Product Launch',
    'spring-product-launch',
    'Internal Demo Client',
    'Luma Drink',
    'Launch a premium sparkling energy drink campaign',
    'Health-conscious adults 24-40 who like sleek premium lifestyle brands',
    'New citrus energy drink with clean ingredients',
    'Shop now',
    'Luxury energy with clean ingredients',
    array['instagram', 'tiktok', 'youtube-shorts'],
    array['9:16', '1:1', '16:9'],
    'active',
    '2026-03-19T15:10:00Z'
  )
on conflict (id) do nothing;

insert into public.scenes (
  id,
  campaign_id,
  scene_number,
  title,
  objective,
  notes,
  created_at
)
values
  (
    '44444444-4444-4444-4444-444444444441',
    '11111111-1111-1111-1111-111111111111',
    1,
    'Hero reveal sequence',
    'Introduce the product with premium cinematic polish.',
    'Keep the launch-night tone restrained and elegant.',
    '2026-03-18T16:20:00Z'
  ),
  (
    '44444444-4444-4444-4444-444444444442',
    '22222222-2222-2222-2222-222222222222',
    1,
    'Social hook sequence',
    'Create a fast social-native opener with strong product clarity.',
    'Optimize for readable motion and CTA pacing.',
    '2026-03-17T14:10:00Z'
  ),
  (
    '44444444-4444-4444-4444-444444444443',
    '33333333-3333-3333-3333-333333333333',
    1,
    'Abstract opener',
    'Test a cinematic executive opener before narrowing down the final story path.',
    'Use this scene for worldbuilding exploration.',
    '2026-03-16T12:00:00Z'
  ),
  (
    '44444444-4444-4444-4444-444444444444',
    '44444444-1111-1111-1111-111111111111',
    1,
    'Opening Hook',
    'Stop the scroll in first 2 seconds',
    'Need a premium cinematic hero look',
    '2026-03-19T15:16:00Z'
  ),
  (
    '44444444-4444-4444-4444-444444444445',
    '44444444-1111-1111-1111-111111111111',
    2,
    'Product Experience',
    'Show taste, freshness, and premium vibe',
    'Can be more motion-driven',
    '2026-03-19T15:18:00Z'
  )
on conflict (id) do nothing;

insert into public.shots (
  id,
  campaign_id,
  scene_id,
  scene_number,
  shot_number,
  title,
  purpose,
  duration_seconds,
  aspect_ratio,
  target_model,
  status,
  camera_direction,
  movement_direction,
  environment,
  lighting,
  mood,
  visual_style,
  dialogue_audio_intent,
  constraints,
  prompt_text,
  internal_notes,
  created_at
)
values
  (
    'aaaaaaaa-aaaa-aaaa-aaaa-aaaaaaaaaaa1',
    '11111111-1111-1111-1111-111111111111',
    '44444444-4444-4444-4444-444444444441',
    1,
    1,
    'Hero reveal entrance',
    'Open the campaign with a hero shot that signals premium quality immediately.',
    8,
    '16:9',
    'sora',
    'generating',
    'Slow dolly in with a subtle parallax arc ending on a locked medium-wide hero frame.',
    null,
    'Premium dark studio with reflective floor, volumetric haze, and branded light strips.',
    'Directional key with cool rim lights and restrained cyan highlights.',
    'Confident, premium, launch-night anticipation.',
    'Photoreal, polished brand film, restrained luxury tech aesthetic.',
    'Low-key cinematic sound design with a single line delivered cleanly to camera.',
    'No warped hands, no floating UI, keep product silhouette consistent, avoid excessive lens flare.',
    E'Subject: Founder in tailored black wardrobe holding the hero product.\nAction: Founder steps through an illuminated product tunnel and pauses for a hero reveal.\nCamera: Slow dolly in with a subtle parallax arc ending on a locked medium-wide hero frame.\nEnvironment: Premium dark studio with reflective floor, volumetric haze, and branded light strips.\nLighting: Directional key with cool rim lights and restrained cyan highlights.\nMood: Confident, premium, launch-night anticipation.\nVisual style: Photoreal, polished brand film, restrained luxury tech aesthetic.\nDialogue / audio intent: Low-key cinematic sound design with a single line delivered cleanly to camera.\nConstraints: No warped hands, no floating UI, keep product silhouette consistent, avoid excessive lens flare.',
    'Primary hero opener. Needs premium realism and flawless product silhouette.',
    '2026-03-18T16:25:00Z'
  ),
  (
    'aaaaaaaa-aaaa-aaaa-aaaa-aaaaaaaaaaa2',
    '11111111-1111-1111-1111-111111111111',
    '44444444-4444-4444-4444-444444444441',
    1,
    2,
    'Pedestal lockup',
    'Bridge from hero reveal into product focus with strong edit points.',
    6,
    '16:9',
    'sora',
    'reviewed',
    'Slow dolly in with a subtle parallax arc ending on a locked medium-wide hero frame.',
    null,
    'Premium dark studio with reflective floor, volumetric haze, and branded light strips.',
    'Directional key with cool rim lights and restrained cyan highlights.',
    'Confident, premium, launch-night anticipation.',
    'Photoreal, polished brand film, restrained luxury tech aesthetic.',
    'Low-key cinematic sound design with a single line delivered cleanly to camera.',
    'No warped hands, no floating UI, keep product silhouette consistent, avoid excessive lens flare.',
    E'Subject: Founder in tailored black wardrobe holding the hero product.\nAction: Founder places the product on a pedestal while branded UI light wraps across the frame.\nCamera: Slow dolly in with a subtle parallax arc ending on a locked medium-wide hero frame.\nEnvironment: Premium dark studio with reflective floor, volumetric haze, and branded light strips.\nLighting: Directional key with cool rim lights and restrained cyan highlights.\nMood: Confident, premium, launch-night anticipation.\nVisual style: Photoreal, polished brand film, restrained luxury tech aesthetic.\nDialogue / audio intent: Low-key cinematic sound design with a single line delivered cleanly to camera.\nConstraints: No warped hands, no floating UI, keep product silhouette consistent, avoid excessive lens flare.',
    'Need a cleaner camera lock for editability.',
    '2026-03-18T16:32:00Z'
  ),
  (
    'bbbbbbbb-bbbb-bbbb-bbbb-bbbbbbbbbbb1',
    '22222222-2222-2222-2222-222222222222',
    '44444444-4444-4444-4444-444444444442',
    1,
    1,
    'UGC hook turn',
    'Create a fast hook for paid social with crisp character-driven motion.',
    10,
    '9:16',
    'kling',
    'selected',
    'Controlled handheld-feel push with crisp lock-offs for hook beats.',
    null,
    'Minimal branded room with a practical light wall and product pedestal.',
    'High-contrast key with practical sources visible in frame.',
    'Sharp, energetic, ad-ready momentum.',
    'Social-first premium ad spot with clean graphic readability.',
    'Short lip-sync-friendly line with punchy social-native pacing.',
    'Preserve facial identity, keep motion readable, avoid rubbery handoffs and noisy backgrounds.',
    E'Subject: Confident creator talent demonstrating the product naturally.\nAction: Character pivots with the product in hand while interface callouts animate around them.\nCamera: Controlled handheld-feel push with crisp lock-offs for hook beats.\nEnvironment: Minimal branded room with a practical light wall and product pedestal.\nLighting: High-contrast key with practical sources visible in frame.\nMood: Sharp, energetic, ad-ready momentum.\nVisual style: Social-first premium ad spot with clean graphic readability.\nDialogue / audio intent: Short lip-sync-friendly line with punchy social-native pacing.\nConstraints: Preserve facial identity, keep motion readable, avoid rubbery handoffs and noisy backgrounds.',
    'Lip-sync-safe motion with punchier hand gesture timing.',
    '2026-03-17T14:15:00Z'
  ),
  (
    'bbbbbbbb-bbbb-bbbb-bbbb-bbbbbbbbbbb2',
    '22222222-2222-2222-2222-222222222222',
    '44444444-4444-4444-4444-444444444442',
    1,
    2,
    'Feature handoff',
    'Show product usage with controlled motion and stronger CTA clarity.',
    9,
    '9:16',
    'kling',
    'queued',
    'Controlled handheld-feel push with crisp lock-offs for hook beats.',
    null,
    'Minimal branded room with a practical light wall and product pedestal.',
    'High-contrast key with practical sources visible in frame.',
    'Sharp, energetic, ad-ready momentum.',
    'Social-first premium ad spot with clean graphic readability.',
    'Short lip-sync-friendly line with punchy social-native pacing.',
    'Preserve facial identity, keep motion readable, avoid rubbery handoffs and noisy backgrounds.',
    E'Subject: Confident creator talent demonstrating the product naturally.\nAction: Talent demonstrates the mobile workflow and lands on a crisp CTA gesture.\nCamera: Controlled handheld-feel push with crisp lock-offs for hook beats.\nEnvironment: Minimal branded room with a practical light wall and product pedestal.\nLighting: High-contrast key with practical sources visible in frame.\nMood: Sharp, energetic, ad-ready momentum.\nVisual style: Social-first premium ad spot with clean graphic readability.\nDialogue / audio intent: Short lip-sync-friendly line with punchy social-native pacing.\nConstraints: Preserve facial identity, keep motion readable, avoid rubbery handoffs and noisy backgrounds.',
    'Try a sharper CTA beat at the end for stronger hook strength.',
    '2026-03-17T14:28:00Z'
  ),
  (
    'cccccccc-cccc-cccc-cccc-ccccccccccc1',
    '33333333-3333-3333-3333-333333333333',
    '44444444-4444-4444-4444-444444444443',
    1,
    1,
    'Abstract product genesis',
    'Explore a high-concept opener for executive narrative storytelling.',
    12,
    '16:9',
    'higgsfield',
    'planned',
    'Floating crane move that transitions into a wide impossible orbit.',
    null,
    'Abstract black void evolving into a cinematic dream environment.',
    'High-contrast beams with dramatic practical reflections.',
    'Exploratory, bold, future-facing.',
    'Cinematic experimentation with precise composition and premium polish.',
    'No dialogue, only tonal music bed and atmospheric impact cues.',
    'Keep brand geometry legible, avoid muddy textures, no chaotic transitions.',
    E'Subject: Hero product emerging from fragments and light.\nAction: Product fragments reassemble into a surreal hero tableau as the scene expands beyond reality.\nCamera: Floating crane move that transitions into a wide impossible orbit.\nEnvironment: Abstract black void evolving into a cinematic dream environment.\nLighting: High-contrast beams with dramatic practical reflections.\nMood: Exploratory, bold, future-facing.\nVisual style: Cinematic experimentation with precise composition and premium polish.\nDialogue / audio intent: No dialogue, only tonal music bed and atmospheric impact cues.\nConstraints: Keep brand geometry legible, avoid muddy textures, no chaotic transitions.',
    'Use this as the exploratory scene to test worldbuilding range before locking brand-safe cuts.',
    '2026-03-16T12:05:00Z'
  ),
  (
    'ddddaaaa-aaaa-aaaa-aaaa-aaaaaaaaaaa1',
    '44444444-1111-1111-1111-111111111111',
    '44444444-4444-4444-4444-444444444444',
    1,
    1,
    'Can Hero Spin',
    'Premium opening hero shot of the can',
    6,
    '9:16',
    'sora',
    'prompt_ready',
    'macro product camera with slow orbit',
    'smooth cinematic motion',
    'dark premium reflective studio',
    'moody rim lighting with glossy highlights',
    'luxury, modern, crisp',
    'premium ad cinematic realism',
    'no spoken dialogue, intense whoosh and impact sound design',
    'avoid warped labels, avoid extra objects, keep branding centered',
    'A premium macro cinematic product shot of a sleek citrus energy drink can slowly rotating in a dark reflective studio, dramatic rim lighting, glossy condensation, ultra realistic liquid beads, elegant commercial composition, smooth orbit camera move, polished luxury beverage advertisement look',
    'Use this as the hero opener for the Luma Drink launch cut.',
    '2026-03-19T15:22:00Z'
  ),
  (
    'ddddaaaa-aaaa-aaaa-aaaa-aaaaaaaaaaa2',
    '44444444-1111-1111-1111-111111111111',
    '44444444-4444-4444-4444-444444444445',
    2,
    1,
    'Lifestyle Sip',
    'Human-driven motion shot showing refreshment moment',
    8,
    '9:16',
    'kling',
    'prompt_ready',
    'handheld close-medium ad shot',
    'natural human motion and subtle push-in',
    'sunlit rooftop lounge',
    'golden-hour commercial sunlight',
    'fresh, aspirational, elevated',
    'social ad realism with polished lifestyle cinematography',
    'soft ambient city sound, optional upbeat music, no dialogue',
    'keep hands natural, avoid facial distortion, keep can design readable',
    'A stylish young adult on a rooftop lounge at golden hour takes a sip from a premium citrus energy drink and reacts with a refreshed confident expression, subtle camera push-in, natural body motion, polished lifestyle commercial feel, realistic hands and face, premium social ad look',
    'Good candidate for motion-led social variants once product hero is approved.',
    '2026-03-19T15:28:00Z'
  )
on conflict (id) do nothing;

insert into public.prompt_templates (
  id,
  name,
  category,
  description,
  target_model,
  subject_template,
  action_template,
  camera_template,
  environment_template,
  lighting_template,
  mood_template,
  visual_style_template,
  dialogue_audio_template,
  constraints_template,
  final_template,
  is_system,
  created_at
)
values
  (
    '55555555-5555-5555-5555-555555555551',
    'Premium hero launch',
    'hero',
    'Use for polished launch-night reveal shots.',
    'sora',
    null,
    null,
    null,
    null,
    null,
    null,
    null,
    null,
    null,
    'Subject: {{subject}}',
    true,
    '2026-03-18T15:00:00Z'
  ),
  (
    '55555555-5555-5555-5555-555555555552',
    'Social motion hook',
    'social',
    'Use for fast hook-driven social variants.',
    'kling',
    null,
    null,
    null,
    null,
    null,
    null,
    null,
    null,
    null,
    'Subject: {{subject}}',
    true,
    '2026-03-17T13:30:00Z'
  ),
  (
    '55555555-5555-5555-5555-555555555553',
    'Exploratory cinematic opener',
    'exploration',
    'Use for surreal or worldbuilding-first creative exploration.',
    'higgsfield',
    null,
    null,
    null,
    null,
    null,
    null,
    null,
    null,
    null,
    'Subject: {{subject}}',
    true,
    '2026-03-16T11:30:00Z'
  ),
  (
    '55555555-5555-5555-5555-555555555554',
    'Premium Product Hero',
    'product',
    'For premium product beauty shots',
    'sora',
    'A premium product shot featuring {{subject}}',
    '{{action}}',
    '{{camera}}',
    '{{environment}}',
    '{{lighting}}',
    '{{mood}}',
    '{{visual_style}}',
    '{{dialogue_audio_intent}}',
    '{{constraints}}',
    '{{subject}}. {{action}}. {{camera}}. {{environment}}. {{lighting}}. {{mood}}. {{visual_style}}. {{dialogue_audio_intent}}. {{constraints}}.',
    true,
    '2026-03-19T15:32:00Z'
  )
on conflict (id) do nothing;

insert into public.shot_generations (
  id,
  shot_id,
  provider,
  request_payload,
  response_payload,
  provider_job_id,
  status,
  output_url,
  thumbnail_url,
  duration_seconds,
  aspect_ratio,
  seed,
  generation_notes,
  created_at
)
values
  (
    '66666666-6666-6666-6666-666666666661',
    'aaaaaaaa-aaaa-aaaa-aaaa-aaaaaaaaaaa1',
    'sora',
    '{"prompt_version":"v2"}'::jsonb,
    '{"status":"mocked"}'::jsonb,
    'sora-job-hero-1',
    'mocked',
    '/assets/demo/vantage-hero-v2.mp4',
    '/assets/demo/vantage-key-visual.png',
    8,
    '16:9',
    'hero-seed-01',
    'Hero variation two with stronger silhouette control.',
    '2026-03-18T16:45:00Z'
  ),
  (
    '66666666-6666-6666-6666-666666666662',
    'bbbbbbbb-bbbb-bbbb-bbbb-bbbbbbbbbbb1',
    'kling',
    '{"prompt_version":"v4"}'::jsonb,
    '{"status":"mocked"}'::jsonb,
    'kling-job-social-1',
    'mocked',
    '/assets/demo/northstar-ugc-v4.mp4',
    '/assets/demo/northstar-ugc-thumb.jpg',
    10,
    '9:16',
    'social-seed-04',
    'Social hook variation with cleaner gesture timing.',
    '2026-03-17T14:20:00Z'
  )
on conflict (id) do nothing;

insert into public.assets (
  id,
  campaign_id,
  shot_id,
  generation_id,
  type,
  source,
  file_name,
  file_url,
  mime_type,
  width,
  height,
  duration_seconds,
  metadata_json,
  tags,
  created_at
)
values
  (
    'dddddddd-dddd-dddd-dddd-ddddddddddd1',
    '11111111-1111-1111-1111-111111111111',
    'aaaaaaaa-aaaa-aaaa-aaaa-aaaaaaaaaaa1',
    null,
    'reference_image',
    'upload',
    'vantage-key-visual.png',
    '/assets/demo/vantage-key-visual.png',
    'image/png',
    2048,
    1152,
    null,
    '{"aspect_ratio":"16:9","palette":"violet-cyan","resolution":"2048x1152"}'::jsonb,
    array['hero', 'reference'],
    '2026-03-18T16:22:00Z'
  ),
  (
    'dddddddd-dddd-dddd-dddd-ddddddddddd2',
    '11111111-1111-1111-1111-111111111111',
    'aaaaaaaa-aaaa-aaaa-aaaa-aaaaaaaaaaa1',
    '66666666-6666-6666-6666-666666666661',
    'generated_video',
    'generated',
    'vantage-hero-v2.mp4',
    '/assets/demo/vantage-hero-v2.mp4',
    'video/mp4',
    1920,
    1080,
    8,
    '{"duration_seconds":8,"version":"v2","width":1920}'::jsonb,
    array['hero', 'select'],
    '2026-03-18T16:50:00Z'
  ),
  (
    'eeeeeeee-eeee-eeee-eeee-eeeeeeeeeee1',
    '22222222-2222-2222-2222-222222222222',
    'bbbbbbbb-bbbb-bbbb-bbbb-bbbbbbbbbbb1',
    '66666666-6666-6666-6666-666666666662',
    'thumbnail',
    'generated',
    'northstar-ugc-thumb.jpg',
    '/assets/demo/northstar-ugc-thumb.jpg',
    'image/jpeg',
    1080,
    1920,
    null,
    '{"aspect_ratio":"9:16","frame":"opening-hook"}'::jsonb,
    array['thumbnail', 'social'],
    '2026-03-17T14:18:00Z'
  ),
  (
    'eeeeeeee-eeee-eeee-eeee-eeeeeeeeeee2',
    '22222222-2222-2222-2222-222222222222',
    'bbbbbbbb-bbbb-bbbb-bbbb-bbbbbbbbbbb1',
    '66666666-6666-6666-6666-666666666662',
    'generated_video',
    'generated',
    'northstar-ugc-v4.mp4',
    '/assets/demo/northstar-ugc-v4.mp4',
    'video/mp4',
    1080,
    1920,
    10,
    '{"duration_seconds":10,"version":"v4","width":1080}'::jsonb,
    array['social', 'selected'],
    '2026-03-17T14:22:00Z'
  ),
  (
    'ffffffff-ffff-ffff-ffff-fffffffffff1',
    '33333333-3333-3333-3333-333333333333',
    null,
    null,
    'logo',
    'upload',
    'atlas-brand-logo.svg',
    '/assets/demo/atlas-brand-logo.svg',
    'image/svg+xml',
    null,
    null,
    null,
    '{"background":"transparent","usage":"endcard"}'::jsonb,
    array['brand'],
    '2026-03-16T11:55:00Z'
  ),
  (
    'ffffffff-ffff-ffff-ffff-fffffffffff2',
    '33333333-3333-3333-3333-333333333333',
    'cccccccc-cccc-cccc-cccc-ccccccccccc1',
    null,
    'character_sheet',
    'upload',
    'atlas-character-sheet.png',
    '/assets/demo/atlas-character-sheet.png',
    'image/png',
    null,
    null,
    null,
    '{"notes":"Executive wardrobe references","pages":1}'::jsonb,
    array['reference', 'character'],
    '2026-03-16T12:08:00Z'
  )
on conflict (id) do nothing;

insert into public.reviews (
  id,
  shot_id,
  asset_id,
  reviewer_name,
  score_realism,
  score_brand_fit,
  score_hook_strength,
  score_editability,
  score_motion_quality,
  score_prompt_fidelity,
  decision,
  notes,
  created_at
)
values
  (
    '99999999-9999-9999-9999-999999999991',
    'aaaaaaaa-aaaa-aaaa-aaaa-aaaaaaaaaaa1',
    'dddddddd-dddd-dddd-dddd-ddddddddddd2',
    'Creative Ops',
    9,
    9,
    8,
    8,
    8,
    9,
    'selected',
    'Excellent brand fit and lighting. Needs a cleaner hand transition in the opening beat.',
    '2026-03-18T17:05:00Z'
  ),
  (
    '99999999-9999-9999-9999-999999999992',
    'bbbbbbbb-bbbb-bbbb-bbbb-bbbbbbbbbbb1',
    'eeeeeeee-eeee-eeee-eeee-eeeeeeeeeee2',
    'Performance Creative',
    8,
    8,
    7,
    9,
    8,
    8,
    'selected',
    'The hook works fast, but we need stronger CTA timing for the back half.',
    '2026-03-17T14:42:00Z'
  ),
  (
    '99999999-9999-9999-9999-999999999993',
    'bbbbbbbb-bbbb-bbbb-bbbb-bbbbbbbbbbb1',
    'eeeeeeee-eeee-eeee-eeee-eeeeeeeeeee1',
    'Performance Creative',
    7,
    7,
    6,
    8,
    7,
    7,
    'rejected',
    'Good thumbnail frame, but the facial expression needs more urgency.',
    '2026-03-17T14:30:00Z'
  )
on conflict (id) do nothing;

insert into public.tags (
  id,
  name,
  color,
  created_at
)
values
  ('77777777-7777-7777-7777-777777777771', 'hero', '#7c3aed', '2026-03-18T15:30:00Z'),
  ('77777777-7777-7777-7777-777777777772', 'reference', '#06b6d4', '2026-03-18T15:31:00Z'),
  ('77777777-7777-7777-7777-777777777773', 'social', '#f59e0b', '2026-03-17T13:31:00Z'),
  ('77777777-7777-7777-7777-777777777774', 'selected', '#10b981', '2026-03-17T13:32:00Z'),
  ('77777777-7777-7777-7777-777777777775', 'brand', '#64748b', '2026-03-16T11:31:00Z')
on conflict (id) do nothing;

insert into public.asset_tags (
  asset_id,
  tag_id
)
values
  ('dddddddd-dddd-dddd-dddd-ddddddddddd1', '77777777-7777-7777-7777-777777777771'),
  ('dddddddd-dddd-dddd-dddd-ddddddddddd1', '77777777-7777-7777-7777-777777777772'),
  ('dddddddd-dddd-dddd-dddd-ddddddddddd2', '77777777-7777-7777-7777-777777777771'),
  ('dddddddd-dddd-dddd-dddd-ddddddddddd2', '77777777-7777-7777-7777-777777777774'),
  ('eeeeeeee-eeee-eeee-eeee-eeeeeeeeeee2', '77777777-7777-7777-7777-777777777773'),
  ('eeeeeeee-eeee-eeee-eeee-eeeeeeeeeee2', '77777777-7777-7777-7777-777777777774'),
  ('ffffffff-ffff-ffff-ffff-fffffffffff1', '77777777-7777-7777-7777-777777777775')
on conflict do nothing;

insert into public.activity_log (
  id,
  entity_type,
  entity_id,
  action,
  payload,
  created_at
)
values
  (
    '88888888-8888-8888-8888-888888888881',
    'campaign',
    '11111111-1111-1111-1111-111111111111',
    'campaign_created',
    '{"source":"seed"}'::jsonb,
    '2026-03-18T16:15:00Z'
  ),
  (
    '88888888-8888-8888-8888-888888888882',
    'shot_generation',
    '66666666-6666-6666-6666-666666666661',
    'generation_mocked',
    '{"provider":"sora"}'::jsonb,
    '2026-03-18T16:45:00Z'
  ),
  (
    '88888888-8888-8888-8888-888888888883',
    'review',
    '99999999-9999-9999-9999-999999999991',
    'review_selected',
    '{"reviewer":"Creative Ops"}'::jsonb,
    '2026-03-18T17:05:00Z'
  ),
  (
    '88888888-8888-8888-8888-888888888884',
    'campaign',
    '44444444-1111-1111-1111-111111111111',
    'campaign_created',
    '{"source":"seed","slug":"spring-product-launch"}'::jsonb,
    '2026-03-19T15:10:00Z'
  )
on conflict (id) do nothing;
